<?xml version = '1.0' encoding = 'UTF-8'?>
<Diagram class="oracle.dbtools.crest.swingui.logical.DPVLogical" id="3503D6E9-96C0-CB1D-8FD8-D94672E94BD8">
<createdBy>TJ-BU-703-001PC</createdBy>
<modifiedBy>TJ-BU-703-001PC</modifiedBy>
<createdTime>2025-12-01 08:16:26 UTC</createdTime>
<autoRoute>false</autoRoute>
<boxInbox>true</boxInbox>
<showLegend>false</showLegend>
<showLabels>false</showLabels>
<showRelAttributes>false</showRelAttributes>
<gridEnabled>false</gridEnabled>
<showGrid>false</showGrid>
<diagramColor>-1</diagramColor>
<display>false</display>
<notation>1</notation>
</Diagram>