<?xml version="1.0" encoding="UTF-8"?>
<!DOCTYPE mapper PUBLIC "-//mybatis.org//DTD Mapper 3.0//EN"
        "http://mybatis.org/dtd/mybatis-3-mapper.dtd">

<mapper namespace="project2.dao.RecipeDao">

    <typeAlias type="project2.dto.RecipeDto" alias="recipeDto"/>
    <typeAlias type="project2.dto.RecipeImage" alias="recipeImage"/>
    <typeAlias type="project2.dto.RecipeIngre" alias="recipeIngre"/>
    <typeAlias type="project2.dto.RecipeIngreMap" alias="recipeIngreMap"/>

    <resultMap id="recipeDtoResultMap" type="recipeDto">
        <id property="recipeId" column="RECIPE_ID"/>
        <result property="appUserId" column="APPUSERID"/>
        <result property="title" column="TITLE"/>
        <result property="category" column="CATEGORY"/> <result property="image" column="IMAGE"/>
        <result property="cookTime" column="COOK_TIME"/>
        <result property="difficulty" column="DIFFICULTY"/>
        <result property="servings" column="SERVINGS"/>
        <result property="description" column="DESCRIPTION"/>
        <result property="instructions" column="INSTRUCTIONS"/>
        <result property="createdAt" column="CREATED_AT"/>
        <result property="updatedAt" column="UPDATED_AT"/>
        <result property="views" column="VIEWS"/>
        <result property="nickname" column="NICKNAME"/> </resultMap>

    <resultMap id="recipeImageResultMap" type="recipeImage">
        <result property="recipeId" column="RECIPE_ID"/>
        <result property="rurl" column="RURL"/>
    </resultMap>

    <resultMap id="recipeIngreResultMap" type="recipeIngre">
        <result property="ingreMapId" column="INGRE_MAP_ID"/>
        <result property="ingreName" column="INGRE_NAME"/>
        <result property="ingreNum" column="INGRE_NUM"/>
    </resultMap>

    <insert id="insertRecipe" parameterType="recipeDto" useGeneratedKeys="true" keyProperty="recipeId">
        INSERT INTO recipes (
            RECIPE_ID, APPUSERID, TITLE, CATEGORY, IMAGE, COOK_TIME,
            DIFFICULTY, SERVINGS, DESCRIPTION, INSTRUCTIONS
        ) VALUES (
            #{recipeId}, #{appUserId}, #{title}, #{category}, #{image}, #{cookTime},
            #{difficulty}, #{servings}, #{description}, #{instructions}
        )
    </insert>

    <insert id="insertRecipeImage" parameterType="recipeImage">
        INSERT INTO recipes_img (RECIPE_ID, RURL)
        VALUES (#{recipeId}, #{rurl})
    </insert>

    <insert id="insertIngredientMap" parameterType="recipeIngreMap" useGeneratedKeys="true" keyProperty="ingreMapId">
        INSERT INTO recipes_ingre_map (RECIPE_ID, INGRE_MAP_ID)
        VALUES (#{recipeId}, #{ingreMapId})
    </insert>

    <insert id="insertIngredientDetail" parameterType="recipeIngre">
        INSERT INTO recipes_ingre (INGRE_MAP_ID, INGRE_NAME, INGRE_NUM)
        VALUES (#{ingreMapId}, #{ingreName}, #{ingreNum})
    </insert>


    <select id="selectAllRecipes" resultMap="recipeDtoResultMap">
        SELECT r.RECIPE_ID, r.APPUSERID, r.TITLE, r.CATEGORY, r.IMAGE, r.COOK_TIME,
               r.DIFFICULTY, r.SERVINGS, r.DESCRIPTION, r.INSTRUCTIONS,
               r.CREATED_AT, r.UPDATED_AT, r.VIEWS,
               b.NICKNAME AS AUTHOR
        FROM recipes r
        LEFT JOIN BUG b ON r.APPUSERID = b.APPUSERID
        ORDER BY NVL(r.UPDATED_AT, r.CREATED_AT) DESC
    </select>
    
    <select id="selectMyRecipes" resultMap="recipeDtoResultMap" parameterType="int">
        SELECT r.RECIPE_ID, r.APPUSERID, r.TITLE, r.CATEGORY, r.IMAGE, r.COOK_TIME,
               r.DIFFICULTY, r.SERVINGS, r.DESCRIPTION, r.INSTRUCTIONS,
               r.CREATED_AT, r.UPDATED_AT, r.VIEWS,
               b.NICKNAME AS AUTHOR
        FROM recipes r
        LEFT JOIN BUG b ON r.APPUSERID = b.APPUSERID
        WHERE r.APPUSERID = #{appUserId}
        ORDER BY NVL(r.UPDATED_AT, r.CREATED_AT) DESC
    </select>


    <select id="selectRecipeById" resultMap="recipeDtoResultMap" parameterType="int">
        SELECT r.RECIPE_ID, r.APPUSERID, r.TITLE, r.DESCRIPTION, r.INSTRUCTIONS,
               r.COOK_TIME, r.DIFFICULTY, r.SERVINGS, r.VIEWS, r.CREATED_AT, r.UPDATED_AT,
               r.CATEGORY,
               b.NICKNAME AS AUTHOR
        FROM recipes r
        LEFT JOIN BUG b ON r.APPUSERID = b.APPUSERID
        WHERE r.RECIPE_ID = #{recipeId}
    </select>

    <select id="selectRecipeImages" resultMap="recipeImageResultMap" parameterType="int">
        SELECT RECIPE_ID, RURL
        FROM recipes_img
        WHERE RECIPE_ID = #{recipeId}
    </select>

    <select id="selectRecipeIngredients" resultMap="recipeIngreResultMap" parameterType="int">
        SELECT i.INGRE_NAME, i.INGRE_NUM, m.INGRE_MAP_ID
        FROM recipes_ingre_map m
        JOIN recipes_ingre i ON m.INGRE_MAP_ID = i.INGRE_MAP_ID
        WHERE m.RECIPE_ID = #{recipeId}
    </select>
    
    <update id="incrementRecipeViews" parameterType="int">
        UPDATE recipes
        SET VIEWS = VIEWS + 1
        WHERE RECIPE_ID = #{recipeId}
    </update>


    <update id="updateRecipe" parameterType="recipeDto">
        UPDATE recipes
        SET TITLE = #{title},
            DESCRIPTION = #{description},
            INSTRUCTIONS = #{instructions},
            CATEGORY = #{category},
            COOK_TIME = #{cookTime},
            DIFFICULTY = #{difficulty},
            SERVINGS = #{servings},
            <if test="image != null and image != ''">
                IMAGE = #{image},
            </if>
            UPDATED_AT = SYSDATE
        WHERE RECIPE_ID = #{recipeId}
        AND APPUSERID = #{appUserId} </update>

    <delete id="deleteRecipeImages" parameterType="int">
        DELETE FROM recipes_img
        WHERE RECIPE_ID = #{recipeId}
    </delete>
    
    <delete id="deleteIngredientMaps" parameterType="int">
        DELETE FROM recipes_ingre_map
        WHERE RECIPE_ID = #{recipeId}
    </delete>


    <delete id="deleteRecipe" parameterType="int">
        DELETE FROM recipes WHERE RECIPE_ID = #{recipeId}
    </delete>

</mapper>