<?xml version = '1.0' encoding = 'UTF-8'?>
<Diagram class="oracle.dbtools.crest.swingui.relational.DPVRelational" name="project2_erd" id="2CB31873-CC8F-B2B8-BAC2-A991AC54F9E2">
<createdBy>TJ-BU-703-001PC</createdBy>
<modifiedBy>TJ-BU-703-001PC</modifiedBy>
<createdTime>2025-12-01 06:00:53 UTC</createdTime>
<autoRoute>false</autoRoute>
<boxInbox>true</boxInbox>
<showLegend>false</showLegend>
<showLabels>false</showLabels>
<showRelAttributes>false</showRelAttributes>
<gridEnabled>false</gridEnabled>
<showGrid>false</showGrid>
<diagramColor>-1</diagramColor>
<display>false</display>
<notation>1</notation>
</Diagram>