<?xml version="1.0" encoding="UTF-8"?>
<beans xmlns="http://www.springframework.org/schema/beans"
	xmlns:xsi="http://www.w3.org/2001/XMLSchema-instance"
	xmlns:context="http://www.springframework.org/schema/context"
	xmlns:jdbc="http://www.springframework.org/schema/jdbc"
	xsi:schemaLocation="http://www.springframework.org/schema/jdbc http://www.springframework.org/schema/jdbc/spring-jdbc-4.3.xsd
		http://www.springframework.org/schema/beans http://www.springframework.org/schema/beans/spring-beans.xsd
		http://www.springframework.org/schema/context http://www.springframework.org/schema/context/spring-context-4.3.xsd">



<bean class="org.mybatis.spring.mapper.MapperScannerConfigurer">
	<property name="basePackage" value="com.thejoa703.dao"/>
	<property name="annotationClass" value="com.thejoa703.dao.MyDao"/>
</bean>

<!-- step2 MYBATIS 
	SqlSessionFactoryBean	:	스프링에서 sqlSession 객체들을 관리
	dataSource	: 	db연동 / configLocation 	:	dto등 설정파일	/ mapperLocations : sql설정
	SqlSession	:	sql 구문처리 (crud)
-->

<context:component-scan base-package="com.thejoa703"/>
<bean id="sqlSessionFactory"  class="org.mybatis.spring.SqlSessionFactoryBean" >
	<property name="dataSource" ref="dataSource"/>
	<property name="configLocation" value="classpath:config/mybatis-config.xml" />
	<property name="mapperLocations">
		<list>
			<value>classpath:config/sboard-mapper.xml</value>
			<value>classpath:config/emp-mapper.xml</value>
			<value>classpath:config/user-mapper.xml</value>
		</list>
	</property>
</bean>

<bean id="sqlSession"  class="org.mybatis.spring.SqlSessionTemplate" >
	<constructor-arg ref="sqlSessionFactory"/>
</bean>

<!-- step1 Ds -->
<!-- <context:property-placeholder
location="classpath:config/db.properties" />
<bean id="dataSource" class="org.springframework.jdbc.datasource.SimpleDriverDataSource" >
	<property name="driverClass" value="${db.driverClass}" />
	<property name="url" value="${db.url}"/>
	<property name="username" value="${db.username}" />
	<property name="password" value="${db.password}" />
</bean> -->
<context:property-placeholder
location="classpath:config/db.properties" />
<bean id="dataSource" class="com.zaxxer.hikari.HikariDataSource" >
	<property name="driverClassName" value="${db.driverClass}" />
	<property name="jdbcUrl" value="${db.url}"/>
	<property name="username" value="${db.username}" />
	<property name="password" value="${db.password}" />
</bean>

</beans>
