<?xml version="1.0" encoding="UTF-8"?>
<beans xmlns="http://www.springframework.org/schema/beans"
	xmlns:xsi="http://www.w3.org/2001/XMLSchema-instance"
	xmlns:context="http://www.springframework.org/schema/context"
	xmlns:mvc="http://www.springframework.org/schema/mvc"
	xmlns:aop="http://www.springframework.org/schema/aop"
	xsi:schemaLocation="http://www.springframework.org/schema/mvc http://www.springframework.org/schema/mvc/spring-mvc-3.2.xsd
		http://www.springframework.org/schema/beans http://www.springframework.org/schema/beans/spring-beans.xsd
		http://www.springframework.org/schema/context http://www.springframework.org/schema/context/spring-context-4.3.xsd
		http://www.springframework.org/schema/aop http://www.springframework.org/schema/aop/spring-aop-4.3.xsd">
	
	<!-- MVC @Controller -->
	<context:component-scan base-package="com.thejoa703"/>
	<mvc:annotation-driven/>
	<mvc:default-servlet-handler/>
	
	<!-- viewResolver -->
	<bean id="viewResolver"
	class="org.springframework.web.servlet.view.InternalResourceViewResolver">
		<property name="prefix" value="/view/"  />
		<property name="suffix" value=".jsp"></property>
	</bean>
	
	<bean id="multipartResolver" class="org.springframework.web.multipart.commons.CommonsMultipartResolver">
		<property name="maxUploadSize" value="10485760" /> <!-- 10Mb -->
		<property name="defaultEncoding" value="UTF-8" />
	</bean>
	
	<mvc:resources mapping="/upload/**" location="file:///C:/file/" />
	
	<aop:aspectj-autoproxy></aop:aspectj-autoproxy>
</beans>
