<?xml version = '1.0' encoding = 'UTF-8'?>
<relationalModel class="oracle.dbtools.crest.model.design.relational.RelationalDesign" name="project2_erd" id="9DDA4023-C106-2A7C-6E31-963D382A78D1" mainViewID="2CB31873-CC8F-B2B8-BAC2-A991AC54F9E2">
<createdBy>TJ-BU-703-001PC</createdBy>
<createdTime>2025-12-01 06:00:53 UTC</createdTime>
<ownerDesignName>imsi</ownerDesignName>
<shouldBeOpen>false</shouldBeOpen>
<selectedRDBMSSite>32076570-2523-435C-2E92-BF29817DFF70</selectedRDBMSSite>
</relationalModel>