<?xml version = '1.0' encoding = 'UTF-8'?>
<relationalModel class="oracle.dbtools.crest.model.design.relational.RelationalDesign" name="SCOTT-EMP" id="D6208436-F4F6-36CD-7898-3745F2613268" mainViewID="B30E9B36-5907-F443-465C-5834179A5950">
<createdBy>TJ-BU-703-001PC</createdBy>
<createdTime>2025-12-01 05:36:41 UTC</createdTime>
<ownerDesignName>imsi</ownerDesignName>
<shouldBeOpen>false</shouldBeOpen>
<selectedRDBMSSite>32076570-2523-435C-2E92-BF29817DFF70</selectedRDBMSSite>
<importConnectionStamps>
<importConnectionStamp class="oracle.dbtools.crest.imports.DBConnectionStamp">
<connName>scott</connName>
<connUser>SCOTT</connUser>
<connType>1</connType>
</importConnectionStamp>
</importConnectionStamps>
</relationalModel>