<?xml version="1.0" encoding="UTF-8" ?>
<settings>
	<logical_type_for_domain_presentation value="false" />
	<automatic_pk_generation value="false" />
	<automatic_uk_generation value="false" />
	<automatic_fk_generation value="false" />
	<preserve_ddl_generation_options value="false" />
	<use_global_design_level_settings value="false" />
	<use_preferred_classification_types value="false" />
	<substitution_patterns>
	</substitution_patterns>
	<classification_types>
		<type name="사실 값" color="-7482" fgcolor="-16776961" prefix="" id="1" preferred="false" >
		<fonts>
			<font_object fo_type="제목" font_color="-16776961" font_name="Dialog" font_size="10" font_style="1" id="1"/>
			<font_object fo_type="요소" font_color="-16777216" font_name="Dialog" font_size="10" font_style="0" id="4"/>
			<font_object fo_type="데이터 유형" font_color="-16744448" font_name="Dialog" font_size="10" font_style="0" id="5"/>
			<font_object fo_type="PK 요소" font_color="-16776961" font_name="Dialog" font_size="10" font_style="0" id="7"/>
			<font_object fo_type="FK 요소" font_color="-16777216" font_name="Dialog" font_size="10" font_style="0" id="8"/>
			<font_object fo_type="UK 요소" font_color="-16776961" font_name="Dialog" font_size="10" font_style="0" id="9"/>
			<font_object fo_type="널이 아님" font_color="-65536" font_name="Dialog" font_size="10" font_style="0" id="10"/>
			<font_object fo_type="키" font_color="-16777216" font_name="Dialog" font_size="10" font_style="0" id="6"/>
			<font_object fo_type="주석" font_color="-12566464" font_name="Dialog" font_size="10" font_style="0" id="28"/>
		</fonts>
		</type>
		<type name="차원" color="-1781507" fgcolor="-16776961" prefix="" id="2" preferred="false" >
		<fonts>
			<font_object fo_type="제목" font_color="-16776961" font_name="Dialog" font_size="10" font_style="1" id="1"/>
			<font_object fo_type="요소" font_color="-16777216" font_name="Dialog" font_size="10" font_style="0" id="4"/>
			<font_object fo_type="데이터 유형" font_color="-16744448" font_name="Dialog" font_size="10" font_style="0" id="5"/>
			<font_object fo_type="PK 요소" font_color="-16776961" font_name="Dialog" font_size="10" font_style="0" id="7"/>
			<font_object fo_type="FK 요소" font_color="-16777216" font_name="Dialog" font_size="10" font_style="0" id="8"/>
			<font_object fo_type="UK 요소" font_color="-16776961" font_name="Dialog" font_size="10" font_style="0" id="9"/>
			<font_object fo_type="널이 아님" font_color="-65536" font_name="Dialog" font_size="10" font_style="0" id="10"/>
			<font_object fo_type="키" font_color="-16777216" font_name="Dialog" font_size="10" font_style="0" id="6"/>
			<font_object fo_type="주석" font_color="-12566464" font_name="Dialog" font_size="10" font_style="0" id="28"/>
		</fonts>
		</type>
		<type name="로깅" color="-1776412" fgcolor="-16776961" prefix="" id="3" preferred="false" >
		<fonts>
			<font_object fo_type="제목" font_color="-16776961" font_name="Dialog" font_size="10" font_style="1" id="1"/>
			<font_object fo_type="요소" font_color="-16777216" font_name="Dialog" font_size="10" font_style="0" id="4"/>
			<font_object fo_type="데이터 유형" font_color="-16744448" font_name="Dialog" font_size="10" font_style="0" id="5"/>
			<font_object fo_type="PK 요소" font_color="-16776961" font_name="Dialog" font_size="10" font_style="0" id="7"/>
			<font_object fo_type="FK 요소" font_color="-16777216" font_name="Dialog" font_size="10" font_style="0" id="8"/>
			<font_object fo_type="UK 요소" font_color="-16776961" font_name="Dialog" font_size="10" font_style="0" id="9"/>
			<font_object fo_type="널이 아님" font_color="-65536" font_name="Dialog" font_size="10" font_style="0" id="10"/>
			<font_object fo_type="키" font_color="-16777216" font_name="Dialog" font_size="10" font_style="0" id="6"/>
			<font_object fo_type="주석" font_color="-12566464" font_name="Dialog" font_size="10" font_style="0" id="28"/>
		</fonts>
		</type>
		<type name="요약" color="-3148598" fgcolor="-16776961" prefix="" id="4" preferred="false" >
		<fonts>
			<font_object fo_type="제목" font_color="-16776961" font_name="Dialog" font_size="10" font_style="1" id="1"/>
			<font_object fo_type="요소" font_color="-16777216" font_name="Dialog" font_size="10" font_style="0" id="4"/>
			<font_object fo_type="데이터 유형" font_color="-16744448" font_name="Dialog" font_size="10" font_style="0" id="5"/>
			<font_object fo_type="PK 요소" font_color="-16776961" font_name="Dialog" font_size="10" font_style="0" id="7"/>
			<font_object fo_type="FK 요소" font_color="-16777216" font_name="Dialog" font_size="10" font_style="0" id="8"/>
			<font_object fo_type="UK 요소" font_color="-16776961" font_name="Dialog" font_size="10" font_style="0" id="9"/>
			<font_object fo_type="널이 아님" font_color="-65536" font_name="Dialog" font_size="10" font_style="0" id="10"/>
			<font_object fo_type="키" font_color="-16777216" font_name="Dialog" font_size="10" font_style="0" id="6"/>
			<font_object fo_type="주석" font_color="-12566464" font_name="Dialog" font_size="10" font_style="0" id="28"/>
		</fonts>
		</type>
		<type name="임시" color="-1" fgcolor="-16776961" prefix="" id="5" preferred="false" >
		<fonts>
			<font_object fo_type="제목" font_color="-16776961" font_name="Dialog" font_size="10" font_style="1" id="1"/>
			<font_object fo_type="요소" font_color="-16777216" font_name="Dialog" font_size="10" font_style="0" id="4"/>
			<font_object fo_type="데이터 유형" font_color="-16744448" font_name="Dialog" font_size="10" font_style="0" id="5"/>
			<font_object fo_type="PK 요소" font_color="-16776961" font_name="Dialog" font_size="10" font_style="0" id="7"/>
			<font_object fo_type="FK 요소" font_color="-16777216" font_name="Dialog" font_size="10" font_style="0" id="8"/>
			<font_object fo_type="UK 요소" font_color="-16776961" font_name="Dialog" font_size="10" font_style="0" id="9"/>
			<font_object fo_type="널이 아님" font_color="-65536" font_name="Dialog" font_size="10" font_style="0" id="10"/>
			<font_object fo_type="키" font_color="-16777216" font_name="Dialog" font_size="10" font_style="0" id="6"/>
			<font_object fo_type="주석" font_color="-12566464" font_name="Dialog" font_size="10" font_style="0" id="28"/>
		</fonts>
		</type>
		<type name="외부" color="-720908" fgcolor="-16776961" prefix="" id="6" preferred="false" >
		<fonts>
			<font_object fo_type="제목" font_color="-16776961" font_name="Dialog" font_size="10" font_style="1" id="1"/>
			<font_object fo_type="요소" font_color="-16777216" font_name="Dialog" font_size="10" font_style="0" id="4"/>
			<font_object fo_type="데이터 유형" font_color="-16744448" font_name="Dialog" font_size="10" font_style="0" id="5"/>
			<font_object fo_type="PK 요소" font_color="-16776961" font_name="Dialog" font_size="10" font_style="0" id="7"/>
			<font_object fo_type="FK 요소" font_color="-16777216" font_name="Dialog" font_size="10" font_style="0" id="8"/>
			<font_object fo_type="UK 요소" font_color="-16776961" font_name="Dialog" font_size="10" font_style="0" id="9"/>
			<font_object fo_type="널이 아님" font_color="-65536" font_name="Dialog" font_size="10" font_style="0" id="10"/>
			<font_object fo_type="키" font_color="-16777216" font_name="Dialog" font_size="10" font_style="0" id="6"/>
			<font_object fo_type="주석" font_color="-12566464" font_name="Dialog" font_size="10" font_style="0" id="28"/>
		</fonts>
		</type>
		</classification_types>
	<default_fonts_and_colors>
		<fc_object classname="Entity" background="-5971457" foreground="-16776961" noBackgroundColor="false" noForegroundColor="false">
		<fonts>
			<font_object fo_type="제목" font_color="-16776961" font_name="Dialog" font_size="10" font_style="1" id="1"/>
			<font_object fo_type="속성" font_color="-16777216" font_name="Dialog" font_size="10" font_style="0" id="3"/>
			<font_object fo_type="데이터 유형" font_color="-16744448" font_name="Dialog" font_size="10" font_style="0" id="5"/>
			<font_object fo_type="PK 요소" font_color="-16776961" font_name="Dialog" font_size="10" font_style="0" id="7"/>
			<font_object fo_type="FK 요소" font_color="-16777216" font_name="Dialog" font_size="10" font_style="0" id="8"/>
			<font_object fo_type="UK 요소" font_color="-16776961" font_name="Dialog" font_size="10" font_style="0" id="9"/>
			<font_object fo_type="널이 아님" font_color="-65536" font_name="Dialog" font_size="10" font_style="0" id="10"/>
			<font_object fo_type="키" font_color="-16777216" font_name="Dialog" font_size="10" font_style="0" id="6"/>
			<font_object fo_type="주석" font_color="-12566464" font_name="Dialog" font_size="10" font_style="0" id="28"/>
		</fonts>
		</fc_object>
		<fc_object classname="Logical View" background="-25750" foreground="-16776961" noBackgroundColor="false" noForegroundColor="false">
		<fonts>
			<font_object fo_type="제목" font_color="-16776961" font_name="Dialog" font_size="10" font_style="1" id="1"/>
			<font_object fo_type="속성" font_color="-16777216" font_name="Dialog" font_size="10" font_style="0" id="3"/>
			<font_object fo_type="데이터 유형" font_color="-16744448" font_name="Dialog" font_size="10" font_style="0" id="5"/>
			<font_object fo_type="주석" font_color="-12566464" font_name="Dialog" font_size="10" font_style="0" id="28"/>
		</fonts>
		</fc_object>
		<fc_object classname="Table" background="-76" foreground="-16776961" noBackgroundColor="false" noForegroundColor="false">
		<fonts>
			<font_object fo_type="제목" font_color="-16776961" font_name="Dialog" font_size="10" font_style="1" id="1"/>
			<font_object fo_type="열" font_color="-16777216" font_name="Dialog" font_size="10" font_style="0" id="2"/>
			<font_object fo_type="데이터 유형" font_color="-16744448" font_name="Dialog" font_size="10" font_style="0" id="5"/>
			<font_object fo_type="PK 요소" font_color="-16776961" font_name="Dialog" font_size="10" font_style="0" id="7"/>
			<font_object fo_type="FK 요소" font_color="-16777216" font_name="Dialog" font_size="10" font_style="0" id="8"/>
			<font_object fo_type="UK 요소" font_color="-16776961" font_name="Dialog" font_size="10" font_style="0" id="9"/>
			<font_object fo_type="널이 아님" font_color="-65536" font_name="Dialog" font_size="10" font_style="0" id="10"/>
			<font_object fo_type="키" font_color="-16777216" font_name="Dialog" font_size="10" font_style="0" id="6"/>
			<font_object fo_type="주석" font_color="-12566464" font_name="Dialog" font_size="10" font_style="0" id="28"/>
		</fonts>
		</fc_object>
		<fc_object classname="Relational View" background="-6881386" foreground="-16776961" noBackgroundColor="false" noForegroundColor="false">
		<fonts>
			<font_object fo_type="제목" font_color="-16776961" font_name="Dialog" font_size="10" font_style="1" id="1"/>
			<font_object fo_type="열" font_color="-16777216" font_name="Dialog" font_size="10" font_style="0" id="2"/>
			<font_object fo_type="데이터 유형" font_color="-16744448" font_name="Dialog" font_size="10" font_style="0" id="5"/>
			<font_object fo_type="PK 요소" font_color="-16776961" font_name="Dialog" font_size="10" font_style="0" id="7"/>
			<font_object fo_type="FK 요소" font_color="-16777216" font_name="Dialog" font_size="10" font_style="0" id="8"/>
			<font_object fo_type="UK 요소" font_color="-16776961" font_name="Dialog" font_size="10" font_style="0" id="9"/>
			<font_object fo_type="널이 아님" font_color="-65536" font_name="Dialog" font_size="10" font_style="0" id="10"/>
			<font_object fo_type="키" font_color="-16777216" font_name="Dialog" font_size="10" font_style="0" id="6"/>
			<font_object fo_type="주석" font_color="-12566464" font_name="Dialog" font_size="10" font_style="0" id="28"/>
		</fonts>
		</fc_object>
		<fc_object classname="Structured Type" background="-7537956" foreground="-16777216" noBackgroundColor="false" noForegroundColor="false">
		<fonts>
			<font_object fo_type="제목" font_color="-16776961" font_name="Dialog" font_size="10" font_style="1" id="1"/>
			<font_object fo_type="속성" font_color="-16777216" font_name="Dialog" font_size="10" font_style="0" id="3"/>
			<font_object fo_type="데이터 유형" font_color="-16777056" font_name="Dialog" font_size="10" font_style="0" id="5"/>
			<font_object fo_type="메소드" font_color="-16777216" font_name="Dialog" font_size="10" font_style="0" id="11"/>
			<font_object fo_type="인스턴스화할 수 없음" font_color="-65536" font_name="Dialog" font_size="10" font_style="0" id="12"/>
			<font_object fo_type="필수" font_color="-65536" font_name="Dialog" font_size="10" font_style="0" id="13"/>
		</fonts>
		</fc_object>
		<fc_object classname="Cube" background="-7482" foreground="-16777216" noBackgroundColor="false" noForegroundColor="false">
		<fonts>
			<font_object fo_type="제목" font_color="-16776961" font_name="Dialog" font_size="10" font_style="1" id="1"/>
			<font_object fo_type="사실 값 엔티티" font_color="-16776961" font_name="Dialog" font_size="10" font_style="0" id="14"/>
			<font_object fo_type="측정 단위 유형" font_color="-16776961" font_name="Dialog" font_size="10" font_style="0" id="17"/>
			<font_object fo_type="측정 단위" font_color="-16777216" font_name="Dialog" font_size="10" font_style="0" id="16"/>
			<font_object fo_type="함수" font_color="-16777056" font_name="Dialog" font_size="10" font_style="0" id="20"/>
			<font_object fo_type="수식" font_color="-65536" font_name="Dialog" font_size="10" font_style="0" id="18"/>
			<font_object fo_type="하위-상위 속성" font_color="-16777216" font_name="Dialog" font_size="10" font_style="0" id="19"/>
		</fonts>
		</fc_object>
		<fc_object classname="Dimension" background="-16713196" foreground="-16777216" noBackgroundColor="false" noForegroundColor="false">
		<fonts>
			<font_object fo_type="제목" font_color="-16776961" font_name="Dialog" font_size="10" font_style="1" id="1"/>
		</fonts>
		</fc_object>
		<fc_object classname="Level" background="-1781507" foreground="-16777216" noBackgroundColor="false" noForegroundColor="false">
		<fonts>
			<font_object fo_type="제목" font_color="-16776961" font_name="Dialog" font_size="10" font_style="1" id="1"/>
			<font_object fo_type="레벨 엔티티" font_color="-16776961" font_name="Dialog" font_size="10" font_style="0" id="15"/>
			<font_object fo_type="유형" font_color="-16776961" font_name="Dialog" font_size="10" font_style="0" id="21"/>
			<font_object fo_type="속성" font_color="-16777216" font_name="Dialog" font_size="10" font_style="0" id="3"/>
			<font_object fo_type="함수" font_color="-16777216" font_name="Dialog" font_size="10" font_style="0" id="20"/>
		</fonts>
		</fc_object>
		<fc_object classname="Process" background="-106" foreground="-16777216" noBackgroundColor="false" noForegroundColor="false">
		<fonts>
			<font_object fo_type="제목" font_color="-16776961" font_name="Dialog" font_size="10" font_style="1" id="1"/>
			<font_object fo_type="프로세스 번호" font_color="-65536" font_name="Dialog" font_size="10" font_style="0" id="22"/>
			<font_object fo_type="변환 작업" font_color="-16777216" font_name="Dialog" font_size="10" font_style="0" id="23"/>
		</fonts>
		</fc_object>
		<fc_object classname="External Agent" background="-5570646" foreground="-16777216" noBackgroundColor="false" noForegroundColor="false">
		<fonts>
			<font_object fo_type="제목" font_color="-16776961" font_name="Dialog" font_size="10" font_style="1" id="1"/>
		</fonts>
		</fc_object>
		<fc_object classname="Information Store" background="-10170881" foreground="-16777216" noBackgroundColor="false" noForegroundColor="false">
		<fonts>
			<font_object fo_type="제목" font_color="-16776961" font_name="Dialog" font_size="10" font_style="1" id="1"/>
			<font_object fo_type="숫자" font_color="-1" font_name="Dialog" font_size="10" font_style="1" id="24"/>
		</fonts>
		</fc_object>
		<fc_object classname="In-Out Parameters" background="-328966" foreground="-16777216" noBackgroundColor="false" noForegroundColor="false">
		<fonts>
			<font_object fo_type="제목" font_color="-16777216" font_name="Dialog" font_size="10" font_style="1" id="1"/>
			<font_object fo_type="매개변수" font_color="-16777216" font_name="Dialog" font_size="10" font_style="0" id="26"/>
			<font_object fo_type="데이터 유형" font_color="-65536" font_name="Dialog" font_size="10" font_style="0" id="5"/>
		</fonts>
		</fc_object>
		<fc_object classname="Transformation" background="-43" foreground="-16777216" noBackgroundColor="false" noForegroundColor="false">
		<fonts>
			<font_object fo_type="제목" font_color="-16777216" font_name="Dialog" font_size="10" font_style="1" id="1"/>
			<font_object fo_type="프로세스 번호" font_color="-65536" font_name="Dialog" font_size="10" font_style="0" id="22"/>
		</fonts>
		</fc_object>
		<fc_object classname="Note" background="-4144960" foreground="-16777216" noBackgroundColor="false" noForegroundColor="false">
		<fonts>
			<font_object fo_type="제목" font_color="-16777216" font_name="Dialog" font_size="10" font_style="0" id="1"/>
		</fonts>
		</fc_object>
		<fc_object classname="Label" background="-1" foreground="-16777216" noBackgroundColor="true" noForegroundColor="true">
		<fonts>
			<font_object fo_type="텍스트" font_color="-16777216" font_name="Dialog" font_size="10" font_style="0" id="27"/>
		</fonts>
		</fc_object>
		<fc_object classname="Relationship Attributes" background="-26266" foreground="-16777216" noBackgroundColor="false" noForegroundColor="false">
		<fonts>
			<font_object fo_type="속성" font_color="-16777216" font_name="Dialog" font_size="10" font_style="0" id="3"/>
			<font_object fo_type="데이터 유형" font_color="-16744448" font_name="Dialog" font_size="10" font_style="0" id="5"/>
			<font_object fo_type="널이 아님" font_color="-65536" font_name="Dialog" font_size="10" font_style="0" id="10"/>
		</fonts>
		</fc_object>
		<fc_object classname="Legend" background="-1" foreground="-16777216" noBackgroundColor="false" noForegroundColor="false">
		<fonts>
			<font_object fo_type="다이어그램" font_color="-16777216" font_name="Dialog" font_size="10" font_style="0" id="29"/>
			<font_object fo_type="작성자" font_color="-16777216" font_name="Dialog" font_size="10" font_style="0" id="30"/>
			<font_object fo_type="생성 날짜" font_color="-16777216" font_name="Dialog" font_size="10" font_style="0" id="31"/>
			<font_object fo_type="수정 날짜" font_color="-16777216" font_name="Dialog" font_size="10" font_style="0" id="32"/>
			<font_object fo_type="수정자" font_color="-16777216" font_name="Dialog" font_size="10" font_style="0" id="33"/>
			<font_object fo_type="디자인" font_color="-16777216" font_name="Dialog" font_size="10" font_style="0" id="34"/>
			<font_object fo_type="모델" font_color="-16777216" font_name="Dialog" font_size="10" font_style="0" id="35"/>
			<font_object fo_type="사용자정의 속성" font_color="-16777216" font_name="Dialog" font_size="10" font_style="0" id="36"/>
		</fonts>
		</fc_object>
	</default_fonts_and_colors>
	<default_line_widths_and_colors>
		<lwc_object classname="Logical Relation" color="-16777216" width="1">
		</lwc_object>
		<lwc_object classname="Logical Inheritance" color="-65536" width="1">
		</lwc_object>
		<lwc_object classname="Relational Foreign Key" color="-16777216" width="1">
		</lwc_object>
		<lwc_object classname="Type Substitution" color="-16725996" width="1">
		</lwc_object>
		<lwc_object classname="Implied Foreign Key" color="-2472729" width="1">
		</lwc_object>
		<lwc_object classname="Datatype Reference" color="-16776961" width="1">
		</lwc_object>
		<lwc_object classname="Datatype Inheritance" color="-65536" width="1">
		</lwc_object>
		<lwc_object classname="Multidimentional Link" color="-16776961" width="1">
		</lwc_object>
		<lwc_object classname="Multidimensional Hierarchy" color="-16725996" width="1">
		</lwc_object>
		<lwc_object classname="Process Flow" color="-65536" width="1">
		</lwc_object>
	</default_line_widths_and_colors>
	<naming_standard_rules>
		<logical>
			<separator value= "Space" char=" "/>
			<entity>
			</entity>
			<attribute>
			</attribute>
		</logical>
		<relational>
			<separator value= "_" abbreviated_only="false"/>
			<table>
			</table>
			<column>
			</column>
		</relational>
		<domains>
			<separator value= " "/>
			<domain>
			</domain>
		</domains>
		<constraints>
			<pk value="{table}_PK"/>
			<fk value="{child}_{parent}_FK"/>
			<ck value="{table}_CK"/>
			<un value="{table}_{column}_UN"/>
			<idx value="{table}_{column}_IDX"/>
			<automatic_idx value="{table}_{column}_IDX"/>
			<colck value="CK_{table}_{column}"/>
			<colnnc value="NNC_{table abbr}_{column}"/>
			<column_foreign_key value="{ref table}_{ref column}"/>
			<ui value="{entity} PK"/>
			<relation_attribute value="{ref entity}_{ref attribute}"/>
			<surrogate_key value="{table abbr}_PK"/>
			<surrogate_key_col value="{table abbr}_ID"/>
			<discriminator_col value="{table abbr}_TYPE"/>
		</constraints>
		<glossaries>
		</glossaries>
	</naming_standard_rules>
	<comparemapping>
	</comparemapping>
	<engineering_params>
		<delete_without_origin value="false"/>
		<engineer_coordinates value="true"/>
		<engineer_generated value="false"/>
		<show_engineering_intree value="false"/>
		<apply_naming_std value="true"/>
		<use_pref_abbreviation value="true"/>
		<upload_directory value=""/>
		<date_format value="YYYY/MM/DD HH24:MI:SS"/>
		<timestamp_format value="YYYY/MM/DD HH24:MI:SS.FF"/>
		<timestamp_tz_format value="YYYY/MM/DD HH24:MI:SS.FFTZH:TZM"/>
	</engineering_params>
	<eng_compare show_sel_prop_only="true" not_apply_for_new_objects="true" exclude_from_tree="false">
		<entity_table>
			<property name="이름" selected="true"/>
			<property name="짧은 이름 / 약어" selected="true"/>
			<property name="더 이상 사용되지 않음" selected="true"/>
			<property name="주석" selected="true"/>
			<property name="RDBMS의 주석" selected="true"/>
			<property name="메모" selected="true"/>
			<property name="임시 테이블 범위" selected="true"/>
			<property name="테이블 유형" selected="true"/>
			<property name="구조 유형" selected="true"/>
			<property name="유형 대체(수퍼 유형 객체)" selected="true"/>
			<property name="유형 대체 허용" selected="true"/>
			<property name="최소 볼륨" selected="true"/>
			<property name="예상 볼륨" selected="true"/>
			<property name="최대 볼륨" selected="true"/>
			<property name="증가 비율" selected="true"/>
			<property name="증가 유형" selected="true"/>
			<property name="일반 폼" selected="true"/>
			<property name="적절하게 정규화됨" selected="true"/>
		</entity_table>
		<attribute_column>
			<property name="이름" selected="true"/>
			<property name="더 이상 사용되지 않음" selected="true"/>
			<property name="데이터 유형" selected="true"/>
			<property name="데이터 유형 종류" selected="true"/>
			<property name="필수" selected="true"/>
			<property name="기본값" selected="true"/>
			<property name="검사 제약 조건 이름" selected="true"/>
			<property name="도메인 제약 조건 사용" selected="true"/>
			<property name="검사 제약 조건" selected="true"/>
			<property name="범위 제약 조건" selected="true"/>
			<property name="LOV 제약 조건" selected="true"/>
			<property name="주석" selected="true"/>
			<property name="RDBMS의 주석" selected="true"/>
			<property name="메모" selected="true"/>
			<property name="소스 유형" selected="true"/>
			<property name="수식 설명" selected="true"/>
			<property name="유형 대체" selected="true"/>
			<property name="범위" selected="true"/>
		</attribute_column>
		<key_index>
			<property name="이름" selected="true"/>
			<property name="더 이상 사용되지 않음" selected="true"/>
			<property name="주석" selected="true"/>
			<property name="RDBMS의 주석" selected="true"/>
			<property name="메모" selected="true"/>
			<property name="기본 키" selected="true"/>
			<property name="속성/열" selected="true"/>
		</key_index>
		<relation_fk>
			<property name="이름" selected="true"/>
			<property name="규칙 삭제" selected="true"/>
			<property name="주석" selected="true"/>
			<property name="RDBMS의 주석" selected="true"/>
			<property name="메모" selected="true"/>
		</relation_fk>
		<relation_table>
			<property name="이름" selected="true"/>
			<property name="주석" selected="true"/>
			<property name="RDBMS의 주석" selected="true"/>
			<property name="메모" selected="true"/>
		</relation_table>
		<entityview_view>
			<property name="이름" selected="true"/>
			<property name="더 이상 사용되지 않음" selected="true"/>
			<property name="주석" selected="true"/>
			<property name="RDBMS의 주석" selected="true"/>
			<property name="메모" selected="true"/>
			<property name="구조 유형" selected="true"/>
			<property name="유형 대체(수퍼 유형 객체)" selected="true"/>
			<property name="WHERE" selected="true"/>
			<property name="HAVING" selected="true"/>
			<property name="사용자정의된 SQL" selected="true"/>
		</entityview_view>
	</eng_compare>
	<model_compare_props_filter>
	</model_compare_props_filter>
	<model_compare_dyn_props_filter>
	</model_compare_dyn_props_filter>
	<model_compare_storage_props_filter>
	</model_compare_storage_props_filter>
	<naming_options>
		<model_options objectid="D6208436-F4F6-36CD-7898-3745F2613268">
			<naming_option class_name="oracle.dbtools.crest.model.design.relational.Table" max_name_length="30" case_type="2" valid_characters="null" all_valid="true" />
			<naming_option class_name="oracle.dbtools.crest.model.design.relational.Column" max_name_length="30" case_type="2" valid_characters="null" all_valid="true" />
			<naming_option class_name="oracle.dbtools.crest.model.design.relational.TableView" max_name_length="30" case_type="2" valid_characters="null" all_valid="true" />
			<naming_option class_name="oracle.dbtools.crest.model.design.relational.Index" max_name_length="30" case_type="2" valid_characters="null" all_valid="true" />
			<naming_option class_name="oracle.dbtools.crest.model.design.constraint.TableLevelConstraint" max_name_length="30" case_type="2" valid_characters="null" all_valid="true" />
		</model_options>
		<model_options objectid="9DDA4023-C106-2A7C-6E31-963D382A78D1">
			<naming_option class_name="oracle.dbtools.crest.model.design.relational.Table" max_name_length="30" case_type="2" valid_characters="null" all_valid="true" />
			<naming_option class_name="oracle.dbtools.crest.model.design.relational.Column" max_name_length="30" case_type="2" valid_characters="null" all_valid="true" />
			<naming_option class_name="oracle.dbtools.crest.model.design.relational.TableView" max_name_length="30" case_type="2" valid_characters="null" all_valid="true" />
			<naming_option class_name="oracle.dbtools.crest.model.design.relational.Index" max_name_length="30" case_type="2" valid_characters="null" all_valid="true" />
			<naming_option class_name="oracle.dbtools.crest.model.design.constraint.TableLevelConstraint" max_name_length="30" case_type="2" valid_characters="null" all_valid="true" />
		</model_options>
		<model_options objectid="0772432D-1C02-4DC5-32CA-C26F4A9D9504">
			<naming_option class_name="oracle.dbtools.crest.model.design.logical.Entity" max_name_length="254" case_type="2" valid_characters="" all_valid="true" />
			<naming_option class_name="oracle.dbtools.crest.model.design.logical.Attribute" max_name_length="254" case_type="2" valid_characters="" all_valid="true" />
			<naming_option class_name="oracle.dbtools.crest.model.design.logical.EntityView" max_name_length="254" case_type="2" valid_characters="" all_valid="true" />
		</model_options>
	</naming_options>
	<deleted_files>
	</deleted_files>
	<dynamic_properties>
	</dynamic_properties>
	<design_estimates>
		<logical_model_estimates>
			<entities value="70"/>
			<relations value="70"/>
			<views value="70"/>
			<arcs value="70"/>
		</logical_model_estimates>
		<data_types_model_estimates>
			<structured_types value="70"/>
			<collection_types value="70"/>
			<distinct_types value="70"/>
		</data_types_model_estimates>
		<relational_model_estimates>
			<relational_model_0_estimates>
				<relational_model_name value="SCOTT-EMP"/>
				<tables value="70"/>
				<views value="70"/>
				<foreign_keys value="70"/>
				<schemas value="70"/>
				<subviews value="70"/>
				<arcs value="70"/>
				<physical_models_estimates>
							<physical_model_D6208436-F4F6-36CD-7898-3745F2613268_Oracle_Database_11g>
								<physical_model_name value="Oracle Database 11g"/>
								<clusters value="70"/>
								<contexts value="70"/>
								<dBs value="70"/>
								<dimensions value="70"/>
								<directories value="70"/>
								<diskGroups value="70"/>
								<externalTables value="70"/>
								<snapshots value="70"/>
								<roles value="70"/>
								<rollbackSegments value="70"/>
								<segments value="70"/>
								<sequences value="70"/>
								<storedProcedures value="70"/>
								<functions value="70"/>
								<packages value="70"/>
								<collectionTypes value="70"/>
								<structuredTypes value="70"/>
								<synonyms value="70"/>
								<tables value="70"/>
								<tableSpaces value="70"/>
								<temporaryTableSpaces value="70"/>
								<undoTableSpaces value="70"/>
								<users value="70"/>
								<views value="70"/>
								<triggers value="70"/>
							</physical_model_D6208436-F4F6-36CD-7898-3745F2613268_Oracle_Database_11g>
				</physical_models_estimates>
			</relational_model_0_estimates>
			<relational_model_1_estimates>
				<relational_model_name value="project2_erd"/>
				<tables value="70"/>
				<views value="70"/>
				<foreign_keys value="70"/>
				<schemas value="70"/>
				<subviews value="70"/>
				<arcs value="70"/>
			</relational_model_1_estimates>
		</relational_model_estimates>
	</design_estimates>
</settings>
