<?xml version = '1.0' encoding = 'UTF-8'?>
<SegmentOraclev10g class="oracle.dbtools.crest.model.design.storage.oracle.v10g.SegmentOraclev10g" name="Storage2" directorySegmentName="seg_0" id="169890B2-D677-6FDA-8590-5F81F431DB85">
<createdBy>TJ-BU-703-001PC</createdBy>
<createdTime>2025-12-01 05:44:34 UTC</createdTime>
<ownerDesignName>imsi</ownerDesignName>
<maxTrans>255</maxTrans>
<scInitialExtent>65536</scInitialExtent>
<scMaxExtents>2147483645</scMaxExtents>
<scNextExtent>1048576</scNextExtent>
</SegmentOraclev10g>