<?xml version = '1.0' encoding = 'UTF-8'?>
<SegmentOraclev10g class="oracle.dbtools.crest.model.design.storage.oracle.v10g.SegmentOraclev10g" name="Storage4" directorySegmentName="seg_0" id="628AEA6D-E123-4BC1-484E-4F8E4AC28644">
<createdBy>TJ-BU-703-001PC</createdBy>
<createdTime>2025-12-01 05:44:35 UTC</createdTime>
<ownerDesignName>imsi</ownerDesignName>
<initrans>2</initrans>
<maxTrans>255</maxTrans>
<scInitialExtent>65536</scInitialExtent>
<scMaxExtents>2147483645</scMaxExtents>
<scNextExtent>1048576</scNextExtent>
</SegmentOraclev10g>