<?xml version = '1.0' encoding = 'UTF-8'?>
<Table class="oracle.dbtools.crest.model.design.relational.Table" directorySegmentName="seg_0" id="B1A31C09-87DD-5554-37CB-1A811D078FFF" schemaObject="F48CF447-64F4-29EA-2E99-798DAE9248A8" name="POST">
<sourceConnName>scott</sourceConnName>
<sourceObjSchema>SCOTT</sourceObjSchema>
<sourceObjName>POST</sourceObjName>
<createdBy>TJ-BU-703-001PC</createdBy>
<createdTime>2025-12-01 05:46:11 UTC</createdTime>
<ownerDesignName>imsi</ownerDesignName>
<allowColumnReorder>false</allowColumnReorder>
<existDependencyGenerateInDDl>true</existDependencyGenerateInDDl>
<parsed>true</parsed>
<columns itemClass="oracle.dbtools.crest.model.design.relational.Column">
<Column name="ID" id="A622B8AD-4103-0F2B-A4A2-FE2A55249029">
<sourceConnName>scott</sourceConnName>
<sourceObjSchema>POST</sourceObjSchema>
<sourceObjName>ID</sourceObjName>
<createdBy>TJ-BU-703-001PC</createdBy>
<createdTime>2025-12-01 05:46:11 UTC</createdTime>
<ownerDesignName>imsi</ownerDesignName>
<useDomainConstraints>false</useDomainConstraints>
<use>1</use>
<logicalDatatype>LOGDT019</logicalDatatype>
<ownDataTypeParameters>,,</ownDataTypeParameters>
<autoIncrementCycle>false</autoIncrementCycle>
</Column>
<Column name="APP_USER_ID" id="3AD2AE35-DC7E-B316-251E-DC161E2D5A36">
<sourceConnName>scott</sourceConnName>
<sourceObjSchema>POST</sourceObjSchema>
<sourceObjName>APP_USER_ID</sourceObjName>
<createdBy>TJ-BU-703-001PC</createdBy>
<createdTime>2025-12-01 05:46:11 UTC</createdTime>
<ownerDesignName>imsi</ownerDesignName>
<useDomainConstraints>false</useDomainConstraints>
<use>1</use>
<logicalDatatype>LOGDT019</logicalDatatype>
<dataTypePrecision>5</dataTypePrecision>
<dataTypeScale>0</dataTypeScale>
<ownDataTypeParameters>,,</ownDataTypeParameters>
<autoIncrementCycle>false</autoIncrementCycle>
<associations>
<colAssociation fkAssociation="26FC79C4-5434-5543-724E-71EA8B3A426B" referredColumn="DBA19E6A-ECA1-C98B-13A0-C6CE9F79C58A"/>
</associations>
</Column>
<Column name="TITLE" id="E0FC03F0-34B3-BF03-02A7-AAA2292C809C">
<sourceConnName>scott</sourceConnName>
<sourceObjSchema>POST</sourceObjSchema>
<sourceObjName>TITLE</sourceObjName>
<createdBy>TJ-BU-703-001PC</createdBy>
<createdTime>2025-12-01 05:46:11 UTC</createdTime>
<ownerDesignName>imsi</ownerDesignName>
<useDomainConstraints>false</useDomainConstraints>
<use>1</use>
<logicalDatatype>LOGDT024</logicalDatatype>
<dataTypeSize>200 BYTE</dataTypeSize>
<ownDataTypeParameters>200 BYTE,,</ownDataTypeParameters>
<autoIncrementCycle>false</autoIncrementCycle>
</Column>
<Column name="CONTENT" id="B02B14DD-657D-0834-7D3C-100F68A30359">
<sourceConnName>scott</sourceConnName>
<sourceObjSchema>POST</sourceObjSchema>
<sourceObjName>CONTENT</sourceObjName>
<createdBy>TJ-BU-703-001PC</createdBy>
<createdTime>2025-12-01 05:46:11 UTC</createdTime>
<ownerDesignName>imsi</ownerDesignName>
<useDomainConstraints>false</useDomainConstraints>
<use>1</use>
<logicalDatatype>LOGDT028</logicalDatatype>
<dataTypeSize>4000</dataTypeSize>
<ownDataTypeParameters>4000,,</ownDataTypeParameters>
<autoIncrementCycle>false</autoIncrementCycle>
</Column>
<Column name="PASS" id="A8311CBA-46B1-FC57-7CDC-7AA803A668CA">
<sourceConnName>scott</sourceConnName>
<sourceObjSchema>POST</sourceObjSchema>
<sourceObjName>PASS</sourceObjName>
<createdBy>TJ-BU-703-001PC</createdBy>
<createdTime>2025-12-01 05:46:11 UTC</createdTime>
<ownerDesignName>imsi</ownerDesignName>
<nullsAllowed>true</nullsAllowed>
<useDomainConstraints>false</useDomainConstraints>
<use>1</use>
<logicalDatatype>LOGDT024</logicalDatatype>
<dataTypeSize>100 BYTE</dataTypeSize>
<ownDataTypeParameters>100 BYTE,,</ownDataTypeParameters>
<autoIncrementCycle>false</autoIncrementCycle>
</Column>
<Column name="CREATED_AT" id="624D9FDD-673A-1D03-721F-078A407C7C04">
<sourceConnName>scott</sourceConnName>
<sourceObjSchema>POST</sourceObjSchema>
<sourceObjName>CREATED_AT</sourceObjName>
<createdBy>TJ-BU-703-001PC</createdBy>
<createdTime>2025-12-01 05:46:11 UTC</createdTime>
<ownerDesignName>imsi</ownerDesignName>
<nullsAllowed>true</nullsAllowed>
<useDomainConstraints>false</useDomainConstraints>
<use>1</use>
<logicalDatatype>LOGDT007</logicalDatatype>
<dataTypeSize>7</dataTypeSize>
<defaultValue>sysdate</defaultValue>
<ownDataTypeParameters>7,,</ownDataTypeParameters>
<autoIncrementCycle>false</autoIncrementCycle>
</Column>
<Column name="HIT" id="12E26529-8B4B-80C3-C5C1-83B0DB9A5A27">
<sourceConnName>scott</sourceConnName>
<sourceObjSchema>POST</sourceObjSchema>
<sourceObjName>HIT</sourceObjName>
<createdBy>TJ-BU-703-001PC</createdBy>
<createdTime>2025-12-01 05:46:11 UTC</createdTime>
<ownerDesignName>imsi</ownerDesignName>
<nullsAllowed>true</nullsAllowed>
<useDomainConstraints>false</useDomainConstraints>
<use>1</use>
<logicalDatatype>LOGDT019</logicalDatatype>
<defaultValue>0</defaultValue>
<ownDataTypeParameters>,,</ownDataTypeParameters>
<autoIncrementCycle>false</autoIncrementCycle>
</Column>
</columns>
<indexes itemClass="oracle.dbtools.crest.model.design.relational.Index">
<ind_PK_UK id="56E56528-8806-1471-F6E6-3D8AFB64ED8B" schemaObject="F48CF447-64F4-29EA-2E99-798DAE9248A8" name="POST_PK">
<sourceConnName>scott</sourceConnName>
<sourceObjSchema>SCOTT</sourceObjSchema>
<sourceObjName>SYS_C007023</sourceObjName>
<createdBy>TJ-BU-703-001PC</createdBy>
<createdTime>2025-12-01 05:46:11 UTC</createdTime>
<ownerDesignName>imsi</ownerDesignName>
<pk>true</pk>
<indexState>Primary Constraint</indexState>
<isSurrogateKey>false</isSurrogateKey>
<indexColumnUsage>
<colUsage columnID="A622B8AD-4103-0F2B-A4A2-FE2A55249029"/>
</indexColumnUsage>
</ind_PK_UK>
<ind_PK_UK id="CA536DA5-1B3F-B935-DE72-046064AEA892" name="FK_POST_APPUSER">
<createdBy>TJ-BU-703-001PC</createdBy>
<createdTime>2025-12-01 05:46:11 UTC</createdTime>
<ownerDesignName>imsi</ownerDesignName>
<indexState>Foreign Key</indexState>
<isSurrogateKey>false</isSurrogateKey>
<indexColumnUsage>
<colUsage columnID="3AD2AE35-DC7E-B316-251E-DC161E2D5A36"/>
</indexColumnUsage>
</ind_PK_UK>
</indexes>
</Table>