<?xml version = '1.0' encoding = 'UTF-8'?>
<TableProxyOraclev11g class="oracle.dbtools.crest.model.design.storage.oracle.v11g.TableProxyOraclev11g" name="DEPT_FK" directorySegmentName="seg_0" id="0F837746-AAAE-34B7-0156-FC7FEEEB7E8D">
<createdBy>TJ-BU-703-001PC</createdBy>
<createdTime>2025-12-01 05:44:57 UTC</createdTime>
<ownerDesignName>imsi</ownerDesignName>
<schemaObject>F48CF447-64F4-29EA-2E99-798DAE9248A8</schemaObject>
<logging>YES</logging>
<partitionedRowMovement>DISABLE</partitionedRowMovement>
<segment>169890B2-D677-6FDA-8590-5F81F431DB85</segment>
<tableSpace>0CED9419-D8D0-1FA1-EC5C-6D5D3AB8C7B0</tableSpace>
<temporaryChanged>false</temporaryChanged>
<accessDriverType>oracle_loader</accessDriverType>
<rejectLimit></rejectLimit>
<columnProxies itemClass="oracle.dbtools.crest.model.design.storage.oracle.v12c.ColumnProxyOraclev12c">
<ColumnProxy name="DNAME" id="03EE7A05-C33F-4749-38AB-01BC99A276F0">
<createdBy>TJ-BU-703-001PC</createdBy>
<createdTime>2025-12-01 05:44:57 UTC</createdTime>
<ownerDesignName>imsi</ownerDesignName>
</ColumnProxy>
<ColumnProxy name="DEPTNO" id="680D6B33-5CED-607A-031A-63E840A3E3C0">
<createdBy>TJ-BU-703-001PC</createdBy>
<createdTime>2025-12-01 05:44:57 UTC</createdTime>
<ownerDesignName>imsi</ownerDesignName>
</ColumnProxy>
</columnProxies>
<primaryKeys>
<PrimaryKey class="oracle.dbtools.crest.model.design.storage.oracle.v10g.PKProxyOraclev10g" name="DEPT_FK_PK" id="FE805E3E-7328-FF77-7BBA-AE0450D7C490">
<createdBy>TJ-BU-703-001PC</createdBy>
<createdTime>2025-12-01 05:44:57 UTC</createdTime>
<ownerDesignName>imsi</ownerDesignName>
<schemaObject>F48CF447-64F4-29EA-2E99-798DAE9248A8</schemaObject>
<segment>628AEA6D-E123-4BC1-484E-4F8E4AC28644</segment>
<tableSpace>0CED9419-D8D0-1FA1-EC5C-6D5D3AB8C7B0</tableSpace>
<indexSegment>628AEA6D-E123-4BC1-484E-4F8E4AC28644</indexSegment>
<indexSort>SORTED</indexSort>
<usingIndex>BY INDEX NAME</usingIndex>
</PrimaryKey>
</primaryKeys>
</TableProxyOraclev11g>