<?xml version = '1.0' encoding = 'UTF-8'?>
<TableProxyOraclev11g class="oracle.dbtools.crest.model.design.storage.oracle.v11g.TableProxyOraclev11g" name="EMP_FK" directorySegmentName="seg_0" id="2B94883A-54C6-F003-8E01-A0F1D88E5FCB">
<createdBy>TJ-BU-703-001PC</createdBy>
<createdTime>2025-12-01 05:44:53 UTC</createdTime>
<ownerDesignName>imsi</ownerDesignName>
<schemaObject>F48CF447-64F4-29EA-2E99-798DAE9248A8</schemaObject>
<logging>YES</logging>
<partitionedRowMovement>DISABLE</partitionedRowMovement>
<segment>169890B2-D677-6FDA-8590-5F81F431DB85</segment>
<tableSpace>0CED9419-D8D0-1FA1-EC5C-6D5D3AB8C7B0</tableSpace>
<temporaryChanged>false</temporaryChanged>
<accessDriverType>oracle_loader</accessDriverType>
<rejectLimit></rejectLimit>
<columnProxies itemClass="oracle.dbtools.crest.model.design.storage.oracle.v12c.ColumnProxyOraclev12c">
<ColumnProxy name="DEPTNO" id="3F9426B4-D936-8933-1543-40BAD1A32A53">
<createdBy>TJ-BU-703-001PC</createdBy>
<createdTime>2025-12-01 05:44:53 UTC</createdTime>
<ownerDesignName>imsi</ownerDesignName>
</ColumnProxy>
<ColumnProxy name="EMPNO" id="4D24C52F-EE59-8E31-8356-E134C7835064">
<createdBy>TJ-BU-703-001PC</createdBy>
<createdTime>2025-12-01 05:44:53 UTC</createdTime>
<ownerDesignName>imsi</ownerDesignName>
</ColumnProxy>
<ColumnProxy name="ENAME" id="6BA28351-E739-ACE9-3DD0-B6666CB02B2C">
<createdBy>TJ-BU-703-001PC</createdBy>
<createdTime>2025-12-01 05:44:53 UTC</createdTime>
<ownerDesignName>imsi</ownerDesignName>
</ColumnProxy>
</columnProxies>
<foreignKeys>
<ForeignKey class="oracle.dbtools.crest.model.design.storage.oracle.v10g.FKProxyOraclev10g" name="FK_DEPT" id="234EB1AC-C3F4-9852-B308-B83D3DEDD915">
<createdBy>TJ-BU-703-001PC</createdBy>
<createdTime>2025-12-01 05:44:53 UTC</createdTime>
<ownerDesignName>imsi</ownerDesignName>
</ForeignKey>
</foreignKeys>
<primaryKeys>
<PrimaryKey class="oracle.dbtools.crest.model.design.storage.oracle.v10g.PKProxyOraclev10g" name="EMP_FK_PK" id="8A110088-1980-9AD5-59D4-8355D4DB5526">
<createdBy>TJ-BU-703-001PC</createdBy>
<createdTime>2025-12-01 05:44:53 UTC</createdTime>
<ownerDesignName>imsi</ownerDesignName>
<schemaObject>F48CF447-64F4-29EA-2E99-798DAE9248A8</schemaObject>
<segment>628AEA6D-E123-4BC1-484E-4F8E4AC28644</segment>
<tableSpace>0CED9419-D8D0-1FA1-EC5C-6D5D3AB8C7B0</tableSpace>
<indexSegment>628AEA6D-E123-4BC1-484E-4F8E4AC28644</indexSegment>
<indexSort>SORTED</indexSort>
<usingIndex>BY INDEX NAME</usingIndex>
</PrimaryKey>
</primaryKeys>
</TableProxyOraclev11g>