<?xml version = '1.0' encoding = 'UTF-8'?>
<TableProxyOraclev11g class="oracle.dbtools.crest.model.design.storage.oracle.v11g.TableProxyOraclev11g" name="DEPT" directorySegmentName="seg_0" id="407E677C-D1A7-31BC-92C6-111279AFD09D">
<createdBy>TJ-BU-703-001PC</createdBy>
<createdTime>2025-12-01 05:44:34 UTC</createdTime>
<ownerDesignName>imsi</ownerDesignName>
<schemaObject>F48CF447-64F4-29EA-2E99-798DAE9248A8</schemaObject>
<logging>YES</logging>
<partitionedRowMovement>DISABLE</partitionedRowMovement>
<segment>169890B2-D677-6FDA-8590-5F81F431DB85</segment>
<tableSpace>0CED9419-D8D0-1FA1-EC5C-6D5D3AB8C7B0</tableSpace>
<temporaryChanged>false</temporaryChanged>
<accessDriverType>oracle_loader</accessDriverType>
<rejectLimit></rejectLimit>
<columnProxies itemClass="oracle.dbtools.crest.model.design.storage.oracle.v12c.ColumnProxyOraclev12c">
<ColumnProxy name="DNAME" id="25ED7DB8-DC3A-87A0-4B9D-B8A47EAB1F96">
<createdBy>TJ-BU-703-001PC</createdBy>
<createdTime>2025-12-01 05:44:34 UTC</createdTime>
<ownerDesignName>imsi</ownerDesignName>
</ColumnProxy>
<ColumnProxy name="DEPTNO" id="9C32AFB7-F501-8E74-F824-34D914F92774">
<createdBy>TJ-BU-703-001PC</createdBy>
<createdTime>2025-12-01 05:44:34 UTC</createdTime>
<ownerDesignName>imsi</ownerDesignName>
</ColumnProxy>
<ColumnProxy name="LOC" id="B34E56B7-C782-5BA3-175F-8E9D32AE8599">
<createdBy>TJ-BU-703-001PC</createdBy>
<createdTime>2025-12-01 05:44:34 UTC</createdTime>
<ownerDesignName>imsi</ownerDesignName>
</ColumnProxy>
</columnProxies>
<indexProxies>
<IndexProxy class="oracle.dbtools.crest.model.design.storage.oracle.v10g.IndexProxyOraclev10g" name="PK_DEPT" id="AD3F7F2C-21A8-28D5-5812-EAF48DDFE21C">
<createdBy>TJ-BU-703-001PC</createdBy>
<createdTime>2025-12-01 05:44:35 UTC</createdTime>
<ownerDesignName>imsi</ownerDesignName>
<schemaObject>F48CF447-64F4-29EA-2E99-798DAE9248A8</schemaObject>
<segment>628AEA6D-E123-4BC1-484E-4F8E4AC28644</segment>
<tableSpace>0CED9419-D8D0-1FA1-EC5C-6D5D3AB8C7B0</tableSpace>
</IndexProxy>
</indexProxies>
<primaryKeys>
<PrimaryKey class="oracle.dbtools.crest.model.design.storage.oracle.v10g.PKProxyOraclev10g" name="PK_DEPT" id="1998C412-B018-851A-82BE-0EDA7BAA5047">
<createdBy>TJ-BU-703-001PC</createdBy>
<createdTime>2025-12-01 05:44:35 UTC</createdTime>
<ownerDesignName>imsi</ownerDesignName>
<segment>628AEA6D-E123-4BC1-484E-4F8E4AC28644</segment>
<tableSpace>0CED9419-D8D0-1FA1-EC5C-6D5D3AB8C7B0</tableSpace>
<existingIndex>AD3F7F2C-21A8-28D5-5812-EAF48DDFE21C</existingIndex>
<indexSegment>628AEA6D-E123-4BC1-484E-4F8E4AC28644</indexSegment>
<indexSort>SORTED</indexSort>
<usingIndex>BY INDEX NAME</usingIndex>
</PrimaryKey>
</primaryKeys>
</TableProxyOraclev11g>