<?xml version = '1.0' encoding = 'UTF-8'?>
<TableProxyOraclev11g class="oracle.dbtools.crest.model.design.storage.oracle.v11g.TableProxyOraclev11g" name="APPUSER" directorySegmentName="seg_0" id="A1A8A5E6-C030-EE9B-303A-8CAB2CC3BDF9">
<createdBy>TJ-BU-703-001PC</createdBy>
<createdTime>2025-12-01 05:45:52 UTC</createdTime>
<ownerDesignName>imsi</ownerDesignName>
<schemaObject>F48CF447-64F4-29EA-2E99-798DAE9248A8</schemaObject>
<logging>YES</logging>
<partitionedRowMovement>DISABLE</partitionedRowMovement>
<segment>169890B2-D677-6FDA-8590-5F81F431DB85</segment>
<tableSpace>0CED9419-D8D0-1FA1-EC5C-6D5D3AB8C7B0</tableSpace>
<temporaryChanged>false</temporaryChanged>
<accessDriverType>oracle_loader</accessDriverType>
<rejectLimit></rejectLimit>
<columnProxies itemClass="oracle.dbtools.crest.model.design.storage.oracle.v12c.ColumnProxyOraclev12c">
<ColumnProxy name="UFILE" id="069CCB26-30A3-AD1F-230D-3EECB9923FBD">
<createdBy>TJ-BU-703-001PC</createdBy>
<createdTime>2025-12-01 05:45:52 UTC</createdTime>
<ownerDesignName>imsi</ownerDesignName>
<defaultValue>&apos;default.png&apos;</defaultValue>
</ColumnProxy>
<ColumnProxy name="PASSWORD" id="0D287C09-B982-82F5-ECA9-BFF0A1DADCD2">
<createdBy>TJ-BU-703-001PC</createdBy>
<createdTime>2025-12-01 05:45:52 UTC</createdTime>
<ownerDesignName>imsi</ownerDesignName>
</ColumnProxy>
<ColumnProxy name="EMAIL" id="5884D15A-C202-68D2-2A7D-55702E1893FF">
<createdBy>TJ-BU-703-001PC</createdBy>
<createdTime>2025-12-01 05:45:52 UTC</createdTime>
<ownerDesignName>imsi</ownerDesignName>
</ColumnProxy>
<ColumnProxy name="CREATED_AT" id="AD25E287-0A41-F54E-4117-310C095CA2CD">
<createdBy>TJ-BU-703-001PC</createdBy>
<createdTime>2025-12-01 05:45:52 UTC</createdTime>
<ownerDesignName>imsi</ownerDesignName>
</ColumnProxy>
<ColumnProxy name="MOBILE" id="B5E9A9E4-7FF3-7F0E-421A-EDE51DB9D310">
<createdBy>TJ-BU-703-001PC</createdBy>
<createdTime>2025-12-01 05:45:52 UTC</createdTime>
<ownerDesignName>imsi</ownerDesignName>
</ColumnProxy>
<ColumnProxy name="NICKNAME" id="DA43D178-01B0-11F1-D964-11567AC89E57">
<createdBy>TJ-BU-703-001PC</createdBy>
<createdTime>2025-12-01 05:45:52 UTC</createdTime>
<ownerDesignName>imsi</ownerDesignName>
</ColumnProxy>
<ColumnProxy name="APP_USER_ID" id="DBA19E6A-ECA1-C98B-13A0-C6CE9F79C58A">
<createdBy>TJ-BU-703-001PC</createdBy>
<createdTime>2025-12-01 05:45:52 UTC</createdTime>
<ownerDesignName>imsi</ownerDesignName>
</ColumnProxy>
<ColumnProxy name="MBTI_TYPE_ID" id="F2BB47D0-438D-7F64-6A3D-DD83849E886B">
<createdBy>TJ-BU-703-001PC</createdBy>
<createdTime>2025-12-01 05:45:52 UTC</createdTime>
<ownerDesignName>imsi</ownerDesignName>
</ColumnProxy>
</columnProxies>
<indexProxies>
<IndexProxy class="oracle.dbtools.crest.model.design.storage.oracle.v10g.IndexProxyOraclev10g" name="UQ_APPUSER_EMAIL" id="12B7AB43-439E-8669-5F73-6AB780212AD4">
<createdBy>TJ-BU-703-001PC</createdBy>
<createdTime>2025-12-01 05:45:52 UTC</createdTime>
<ownerDesignName>imsi</ownerDesignName>
<schemaObject>F48CF447-64F4-29EA-2E99-798DAE9248A8</schemaObject>
<segment>628AEA6D-E123-4BC1-484E-4F8E4AC28644</segment>
<tableSpace>0CED9419-D8D0-1FA1-EC5C-6D5D3AB8C7B0</tableSpace>
</IndexProxy>
</indexProxies>
<primaryKeys>
<PrimaryKey class="oracle.dbtools.crest.model.design.storage.oracle.v10g.PKProxyOraclev10g" name="APPUSER_PK" id="16E2ABF4-5393-C3BB-77A2-1F4282672791">
<createdBy>TJ-BU-703-001PC</createdBy>
<createdTime>2025-12-01 05:45:52 UTC</createdTime>
<ownerDesignName>imsi</ownerDesignName>
<schemaObject>F48CF447-64F4-29EA-2E99-798DAE9248A8</schemaObject>
<segment>628AEA6D-E123-4BC1-484E-4F8E4AC28644</segment>
<tableSpace>0CED9419-D8D0-1FA1-EC5C-6D5D3AB8C7B0</tableSpace>
<indexSegment>628AEA6D-E123-4BC1-484E-4F8E4AC28644</indexSegment>
<indexSort>SORTED</indexSort>
<usingIndex>BY INDEX NAME</usingIndex>
</PrimaryKey>
</primaryKeys>
<uniqueKeys>
<UniqueKey class="oracle.dbtools.crest.model.design.storage.oracle.v10g.UniqueOraclev10g" name="UQ_APPUSER_EMAIL" id="3849278D-5981-6C0D-D8AB-A0D569C6F145">
<createdBy>TJ-BU-703-001PC</createdBy>
<createdTime>2025-12-01 05:45:52 UTC</createdTime>
<ownerDesignName>imsi</ownerDesignName>
<segment>628AEA6D-E123-4BC1-484E-4F8E4AC28644</segment>
<tableSpace>0CED9419-D8D0-1FA1-EC5C-6D5D3AB8C7B0</tableSpace>
<existingIndex>12B7AB43-439E-8669-5F73-6AB780212AD4</existingIndex>
<indexSegment>628AEA6D-E123-4BC1-484E-4F8E4AC28644</indexSegment>
<indexSort>SORTED</indexSort>
<usingIndex>BY INDEX NAME</usingIndex>
</UniqueKey>
</uniqueKeys>
</TableProxyOraclev11g>