<?xml version = '1.0' encoding = 'UTF-8'?>
<TableProxyOraclev11g class="oracle.dbtools.crest.model.design.storage.oracle.v11g.TableProxyOraclev11g" name="EMP" directorySegmentName="seg_0" id="FCDB224D-F8DD-747D-76C3-354CA6C9B7EF">
<createdBy>TJ-BU-703-001PC</createdBy>
<createdTime>2025-12-01 05:44:37 UTC</createdTime>
<ownerDesignName>imsi</ownerDesignName>
<schemaObject>F48CF447-64F4-29EA-2E99-798DAE9248A8</schemaObject>
<logging>YES</logging>
<partitionedRowMovement>DISABLE</partitionedRowMovement>
<segment>169890B2-D677-6FDA-8590-5F81F431DB85</segment>
<tableSpace>0CED9419-D8D0-1FA1-EC5C-6D5D3AB8C7B0</tableSpace>
<temporaryChanged>false</temporaryChanged>
<accessDriverType>oracle_loader</accessDriverType>
<rejectLimit></rejectLimit>
<columnProxies itemClass="oracle.dbtools.crest.model.design.storage.oracle.v12c.ColumnProxyOraclev12c">
<ColumnProxy name="EMPNO" id="075BACCD-39DF-5917-6FFF-748F686FC6E6">
<createdBy>TJ-BU-703-001PC</createdBy>
<createdTime>2025-12-01 05:44:37 UTC</createdTime>
<ownerDesignName>imsi</ownerDesignName>
</ColumnProxy>
<ColumnProxy name="ENAME" id="0E3C9847-767A-290D-88EA-03DEB201F813">
<createdBy>TJ-BU-703-001PC</createdBy>
<createdTime>2025-12-01 05:44:37 UTC</createdTime>
<ownerDesignName>imsi</ownerDesignName>
</ColumnProxy>
<ColumnProxy name="JOB" id="230531E0-BD98-351A-F8A7-CA5E3B266C50">
<createdBy>TJ-BU-703-001PC</createdBy>
<createdTime>2025-12-01 05:44:37 UTC</createdTime>
<ownerDesignName>imsi</ownerDesignName>
</ColumnProxy>
<ColumnProxy name="SAL" id="32DEDB11-9399-3719-BC59-E067EBD4CA64">
<createdBy>TJ-BU-703-001PC</createdBy>
<createdTime>2025-12-01 05:44:37 UTC</createdTime>
<ownerDesignName>imsi</ownerDesignName>
</ColumnProxy>
<ColumnProxy name="MGR" id="3600580B-C698-689B-1E76-828CD86640ED">
<createdBy>TJ-BU-703-001PC</createdBy>
<createdTime>2025-12-01 05:44:37 UTC</createdTime>
<ownerDesignName>imsi</ownerDesignName>
</ColumnProxy>
<ColumnProxy name="DEPTNO" id="4891A6B3-2BA3-57AD-6C2E-FCD6FBBAF503">
<createdBy>TJ-BU-703-001PC</createdBy>
<createdTime>2025-12-01 05:44:37 UTC</createdTime>
<ownerDesignName>imsi</ownerDesignName>
</ColumnProxy>
<ColumnProxy name="HIREDATE" id="4C129BFC-6DAA-6149-C620-776517CD1B03">
<createdBy>TJ-BU-703-001PC</createdBy>
<createdTime>2025-12-01 05:44:37 UTC</createdTime>
<ownerDesignName>imsi</ownerDesignName>
</ColumnProxy>
<ColumnProxy name="COMM" id="B1A32034-E211-DA4D-E283-FA57945886DD">
<createdBy>TJ-BU-703-001PC</createdBy>
<createdTime>2025-12-01 05:44:37 UTC</createdTime>
<ownerDesignName>imsi</ownerDesignName>
</ColumnProxy>
</columnProxies>
</TableProxyOraclev11g>